,MSE,MAE
alpha_t_RIM_AMZN_5_train_price,0.004540093243122101,0.04843005910515785
alpha_t_RIM_AMZN_5_val_price,0.004803710617125034,0.0536247193813324
alpha_t_RIM_AMZN_5_test_price,0.0028330583591014147,0.04159041866660118
