,MSE,MAE
lstm_AMZN_5_train_price,0.0049673388712108135,0.051478248089551926
lstm_AMZN_5_val_price,0.07841039448976517,0.26920607686042786
lstm_AMZN_5_test_price,0.09210405498743057,0.2986205518245697
