,MSE,MAE
rnn_AMZN_5_train_price,0.004183265846222639,0.04614974930882454
rnn_AMZN_5_val_price,0.005804786924272776,0.05951188504695892
rnn_AMZN_5_test_price,0.00359552213922143,0.04807152971625328
